ID;Review;Category
1;Great game years updates ! I really like amount builds game weapon variety Story side quest also great !;Feedback
2;I usually skip playing action shooter games I hyped Cyberpunk released It haunt forever know Edgerunners anime I would likely play game Missing gaming jewel would truly tragic I hyperbolic critique I game limited romance options I spare everyone several paragraphs unfair allowed romance Viktor Vektor Goro Takemura To completely honest even big deal In fact romance part game cute could skipped entirely without taking away absolute perfection game;Feedback
3;Still insane buggy mess lacking polish Idk game everyone else playing No Mans Sky still Everyone says fixed So many little things pull immersion many still missing features It kind feels like Star Citizen terms level polish atm Lots pretty stuff none works well without jank I took screenshot Keanu Reeves game literally cannot open crashed I rebooted reinstalled;Bug
4;The game looks absolutely amazing Night City probably visually stunning environment I seen game The problem game going Yes looks amazing everything else lacking;Feedback
5;This without doubt one all-time greatest story-driven games I ever laid hands I played bunch let tell one take ride want miss;Feedback
6;WARNING ABOUT THIS GAME Be careful buying game Rockstar games purchased Rockstar game steam I picked excited play attempting open I received message steam account already linked rockstar account linked old email address mine needed get code emailing order open game - apparently I purchased Rockstar game 13 years ago made Rockstar account steam account already linked pre-existing Rockstar account old email address;Bug
7;bought 20 communication error launcher NEVER problem 1 000 games like buy play clock 9-5 home office get launched Whether Win11 Rockstar issue needs fixed consumer responsibility FIND work around REFUNDING ASAP;Bug
8;Don buy plan spending atleast 100 euros DLCs pirate game;Feedback
9;Game even load Google Cities Skylines load find hundreds people complaining thing various forums How I get refund ? ?;Bug
10;please give add existing stacks option ! ! It simple easy I need ! I stand opening chest putting item item anymore;Feature
11;Missing tools I wake ! Is bug ? Has anyone problem tools going missing moment wake ? First axe - went missing moment I wake I still super early game I figured I might well mine make new copper axe instead buying;Bug
12;We need Chinese;Feature
13;This game fills heart memories playing Sailor Moon Game Boy Harvest Moon PS1 warm fuzzy feelings Like ones get slow morning coffee hand petting cat;Feedback
14;A downgrade previous games downgrade life simulator dollhouse DLC DLC milk audience bone ever loving EA;Feedback
15;I love sims EA money hungry literally install mods make game fun dlcs total 1000 dollars id rather yess game fun doesnt crash like ive spent like 2 hours house game decides actually didnt lol;Feedback
16;You download mods buy dlc make game playable one BEST games Until gets updated mods get deleted ! !;Feature
17;I request frog pretty long idea find ? I fished ponds rivers ran summit beach spring til fall never found singular frog ? ? Where ? Why would hide ?;Feature
18;Fun hours There fun mechanics overall lacking Really game makes sad expand upon It close spectacular let explain - Combat knee deep It never advances past dodging swinging weapon shooting bow While would mostly fine helped fact aim attack attack direction facing This makes combat extremely clunky best infuriating worst - Enemies varied shallow While enemy variety good visuals attacks shallow combat really harms Fundamentally kinds enemies remixed attacks skins combos While _fine_ great - Bosses actual garbage Every single one boils face tanking dying impossibly poorly telegraphed attacks stone golem teleport trees nuts two examples Combined handful largely similar weapons exhausting well feels REALLY die oh guess I enough health Let run almost identical dungeon 100th time - Prices finding fun idea practice annoying Having guess prices based customer reactions really fun clever idea I really wish fleshed But prices always except - 20 high low demand completely invalidates mechanic annoying - Inventory management great I really really enjoy various curses trying line fun However 100 different items sell junk pointless annoying It makes game feel full contribute anything worrying sell - Story almost completely absent While inherently problem look stardew valley lack meaningful characters dialog sucks The art good world lively feels like much But sign posts legs merchants anyone inhabit world The _builder_ character blacksmith alchemist interact regularly Seriously wtf ? ? ?;Feedback
19;Unable start game After entering initial screen clicking button return initial screen I even bought DLC problem occurred There problem integrity game I could play three years ago ?;Bug
20;Stuck infinite loading screen I uninstalled reinstalled game Nothing I tried working please advise I also deleted everything AppData LocalLow 11BitStudios And also deleted everything Userdata PlayerID 606150 Still stuck sigh;Bug
21;Graphics nice combat feels stiff sluggish enemies attack direction attack 4 cardinal ones The game constantly stops early watch slowest NPC walk across screen listen ramble standard boring story If looking next rogue-lite game look elsewhere;Feedback
22;man dont know cant even play game WASD J even work main menu great game controls KB bad wonder refunded game;Bug
23;It fun shallow lot content It feels like basic framework could vastly expanded upon right lot basic gameplay systems You procedurely generatored dungeons 4 different environments bosses bosses CANNOT refought way strange decision rogue-lite game Enemies get slightly stronger every floor 4 floors per dungeon drop items sell craft You standard overhead 2D combat lite charge attacks 5 different weapons You gain extra combat abilities game goes weapons damage sidegrade light status effects Combat stays You shop ostensibly play merchant putting things sale really much different selling things vendor games slower Every item internal best price sell customers find There item popularity mechanic affect much anything There shop customization much shallower Recettear You basically expand space install items provide flat bonuses There customization shop ambiance attract different customers cosmetic touches There crafting basically means pay money town billboard unlock shops buy The village outside shop pretty lifeless lot nameless NPCs 1-3 lines dialogue never change Some inexplicably portraits hinting NPC stories quests planned never put Weapons crafting also strange craft completely separate lines either Physical Elemental based weapons elemental weapons specific element per tier say fire based elemental weapon highest level lightning This hugely missed opporunity beef enchanting system allows buy flat attack damage defense upgrade weapons armor In short bunch different gameplay elements mixed together sum parts happen Moonlighter Everything feels separate still basic The combat starts ok fails get interesting dungeons start ok become easy learn without major surprises The boss fights fun 4 final boss boss rush replay fights The shop one two mechanics behind entire game There interesting concept devs able minimum;Feedback
24;Honestly big appeal Moonlighter graphics trading system Beside two games lacks lot I finished entire game abusing second attack long sword gives invulnerability animation The lot biomes monsters repetitive After even trading system loses appeal grinding better weapon conquer dungeon grind yet better weapons conquer another dungeon using assistant sell stuff I gotta say story pretty interesting nice see glimpses history dungeon description items TL DR I think game worth buying lot better options provide way enjoyment If really want try trading system wait sale Do buy game full price !;Feedback
25;Moonlighter first foremost dungeon crawling game strong memories Legend Zelda Meanwhile shop management segment rarely shouting Capitalism ho ! PROS Would wrap eyes around pixels - It looks quite nice ! The bosses monsters look colourful impressive everything moves silky smoothness pleasant delightful Inventory Management ? - Somehow made inventory management fun puzzling ! Trying avoid items exploding fit curses turns whole experience little puzzle solve Keep belly floor dungeons ! - As dungeon crawling It fun They effective interesting constant tension go one room die lose everything CONS - Shopkeeper ? I hardly know ! - The shop keeping aspect incredibly light lacking Working right price item fun ends immediately There much going shop - Help I part 1 know - Money money money could funny rich man world You lots money much money There nothing spend Upgrading equipment costs much really selling anything ? - There lack soul - In capitalistic aspect game feels like lacks sense soul The town devoid personality rarely interact another character outside Old Man Jenkins - Haven I ? - The dungeons become little repetitive eventually want progress next dungeon got go yet another full dungeon run get final floor aaaaaah Moonlighter means bad alright It shop management aspect suffers heavily little managment Honestly I rather well known game 2007 least option hire someone else shop keeping aspect removing half game Capitalism ho !;Feedback
26;The concept good theory really lacks depth The entire game mindless grind make progress Hell I beat final boss walking mashing attack button using potions died I I literally spared thought attacks I first try;Feedback
27;I wanted like game see enough supernatural farming sims- And gave damn good shake couple occasions Unfortunately come conclusion game buggy broken busy stressful overly bloated mess I know made something lackluster overly busy time Not mention pointless dlc packs instead fixing problems recent controversies surrounding treatment workers Sunhaven sadly really worth money time Maybe go check progress fields mistria moonlight peaks coral island instead- none fully released yet- ore promising sunhaven;Bug
28;It better stardew;Feedback
29;I LOVE THIS GAME ! ! ! ! It mix absolutely everything makes game perfect I love rpgs I love romance I love fighting monsters aspect super fun Additionally skill level game choose upgrade level I LOVE game Additionally loads romance options unlike games choice really minimal Not really love characters find hard choose marry ! The story line really interesting fact 1 town fun interesting I super reccomend game ! ! !;Feedback
30;I owned least 6 DLC packs purchased new update I lost save latest update dropped I start new one On first day Spooky Pets pack mailbox none packs I checked Shipping Portal in-game find room halved DLC gone Also longer listed Steam DLC store Not I Tea Temple pack still shown AND PURCHASABLE DLC store Shipping Portal in-game sent mailbox Is ? I seen anyone else talking;Bug
31;Does anyone know fix WInter festival multiplayer ? I get 28th friend 28th tells festival tomorrow We found post reddit two years old issue - still thing fixed ?;Bug
32;Great potential BUT I really hope upon release full remapping keys character creation;Bug
33;Is chances co-op feature future release ?;Feature
34;The sounds fishing loud unpleasant That A little feedback When fish bites sound unpleasant I see setting sound demo You need work Not sound unnecessarily loud really kind unpleasant ears;Feedback
35;The game really sweet Will available German I need game German;Feature
36;A fun game love god please let put anything I want toilet cleaner stored ontop toilet house;Feature
37;fun game however wish longer content played within like 3 hours thing replay things gather stickers cozy game though would recommend getting sale !;Feedback
38;In honesty polished game way short asking price especially since little none replay value;Feedback
39;As fan Emily Away since release I want time back Since sale I bought Emily Away Emily Away 3 I always wanted play never got round decided good time ever Having finished 2 moving onto 3 immediately one word comes mind REPETITIVE Yes I know concept game changes converse Emily Evelynn like I spend prior 2 hours life walking eggshells around weird I get know characters I forced date either honest playing 2 I distaste Emily Evelynn The ending I got anti-climactic I think I need elaborate I think I need play prove wrong I disappointed Long time fans Emily Away I know tempting want play trilogy value love series skip title leave Emily Away Too;Feedback
40;fiancee playing together region europe cant join game thinks im region japan south africa even though im region europe double checked hosting nope fiancee tries join says im japan south africa five times;Bug
41;I like activities decor honestly disappoints lack interactions npcs could make game interesting much interaction npcs I wish would talk less shopkeepers I start winter first year I feel like I going motions I would like see - Mai tutorial npc best character ? - snippets conversation travellers outline area talking pigs food drink - dungeons - tavern raids - Random events festivals;Feature
42;launched game went sleep logged loaded game upstairs building reset bed darkness walk stairs im stuck outside game boundary upstairs tavern building reset;Bug
43;Huge bug tutorial need help Hey Bought game hour ago I tutorial friend us separately Discord We ran exact bug During part need mine iron ore coal mine even one resource entire inventory fills said resource quest progress I stuck part tutorial cannot progress Really would appreciate help Thank reading replies;Bug
44;Animals buggy I really hoping issue would fixed animals incredibly annoying manage Sometimes walk off-screen void never return Other times follow commands leave get back barn This incredibly frustrating I get day going realize I go back main menu restart animals bugged;Bug
45;great game Don get dlc get base game add dlc go feel free skip dlc look good plenty dlc pick never use !;Feedback
46;I enjoy game However fact big parts game locked behind DLC paywalls every DLC costs much standalone game makes recommend game The devs way greedy opinion;Feedback
47;Screen resolution bugged anyone help ? anyone help reason screen resolution bugged menus cut however game otherwise looks perfectly fine makes impossible use settings menu think also preventing making new speicies starting new games;Bug
48;Game Crush mac;Bug
49;Planet pinging reason ? I two planets pining orange exclamation point hexagon research go away;Bug
50;Weird sound bug Recently gaming headphones broke I find quick replacement I get repair shop I started using different pair bluetooth headphones connected via wire Realtek Audio driver default Win 10 I encountered strange audio bug It ticking sound appears play every in-game tick If I pause game sound stops I set game speed normal ticks every day I set speed fast sound becomes frequent days change faster I purged mods verified game files reinstalled game bug still Besides I tried moving different volume sliders even I turn lowest value sound persists caused in-game audio I also changed audio driver Realtek High Definition audio solve issue I borrowed pair gaming headphones friend used Razer drivers testing sound gone audio drivers seem reason;Bug
51;Allow us upcast Cantrips least Those damage cantrips example Ray Frost would nice upcast right;Feature
52;Greater Invisibility 100 trash needs work way intended FIX Greater Invisibility supposed garbage spell like BG3 A caster supposed use cast spells attack remain invisible There supposed increased DC checks everytime needs removed Its also NOT supposed REMOVED This NOT supposed work fact homebrewed WORSE normally shows need keep hands things understand intention creators When enemy discovers greater invisibility supposed give away position supposed REMOVE THE SPELL character Because characters still supposed benefit advantage attack rolls give enemies disadvantage attack rolls us So see completely RUINED THIS SPELL IN BG3 FIX IT;Bug
53;Steam Cosmetics ? Would love see Larian release Baldur Gate 3 Steam cards badges profiles backgrounds etc;Feature
54;Housing expansion mod Could please option owning decorating house ? With amazing amount beatiful items game could incredible;Feature
55;Very cool suggestion truly I suggest ARCANE GLOVES OR GAUNTLETS equipped weapon slot They spellcasters improve spell DC spell attack 3 With time stop good measure much ask ? Ok lets settle constant haste spell character without requiring concentration This Legendary item This would considered 2H weapon use staffs anything else I really want powerful sorceror without holding staffs Think easy would implement would even need add new attack animations But gauntlets gloves would need sexy looking Thank;Feature
56;Suggestions new classes races As title says suggestion new classes races I go first ! Class Anti-Paladin Race Goliath;Feature
57;please make bags renamable thats super small reason NO mods allowing feature know get bag mods mostly auto sort dont want want able organize manually unable name bags makes annoying keep track bag please save ocd making hesitate play game hate;Feature
58;Auto sorting items There option sort items TYPE TIME PICKED UP VALUE etc inventory sorted need hit EVERY - TIME Given pick loot every couple minutes annoying Why offer AUTO SORTING option ? Upon opening menu items get auto-sorted last preference This would spare people ten thousand times per playthrough ! That lot tedios clicks nothing;Feature
59;We need Mod Profiles Seriously different mod profiles standard rn I lightly modded multiplayer game beginning Act 3 However I would love start Singleplayer Game heavily modded But since I would manually switch mods time even updating mod party members updated already keep us playing I started run yet Could I write mods versions use run manually activate deactivate every time ? Of course Do I want ? Absolutely From surface-level knowledge programming mod managers general implementing mod profiles difficult require internal script corresponding UI players determines mods version gets loaded So please I would love get implemented Bonus points could export import profiles party members multiplayer manually pick mods load host lobby;Feature
60;Making game available play VR How fascinating would immerse completely game experience VR perspective ? It would dream possible certainly another breath-taking update game;Feature
61;Can get Steam Point Shop Card trade ? I want BG3 Got cool background emoji cool steam Item;Feature
62;Please change facial expression Tav kissing ascended Astarion It make sense Tav scared angry kiss animations CHOSE ascend KNEW coming THEY ASKED turn spawn accurately vampire bride way turned Tav To seems people Larian know route go ascended Astarion In one moment really sweet caring makes sense cuz vampire Lords purpose creating bride make happy cuz special psychic emotional connection Happy wife happy life speak And kiss animations terrified nowhere make sense cuz bride would obviously unhappy I seen lot people Youtube upset change Not kiss animations great really fit dominant behaviour gained ritual But facial expressions Tav fit In dialogue origin Karlach epilogue even says let go monster like Cazador wait finds way return spend life together This went hells Everything ascended Astarion seems inconsistent Larian really frustrating Like really want go spawn route I like spawn version imo ascension route Vampire Plus fantasy real life Let us Dark Vampire Lord consort fantasy without bias please TvT;Feature
63;Idea dice colors So dyes clogging travellers chests use get different colors die rolls ? Make true table top experience hundreds colors switch get cursed rolls;Feature
64;Refresh game button honor mode please Most bugs game easily fixed saving loading Ex infinite turn caused mobs trying join combat leaving immediately PC stealth cutscene stuck model load T-pose invisible floor etc After single honor mode run friends quit main menu load game fix bug 30 times annoying If feature refresh game without requiring us invite friends game like would nice;Feature
65;I like make suggestions improve game areas I completely satisfied Something I like character ask one companions take dialogue conversation For example NPC starts dialogue mage I give conversation paladin warlock ? My mage right shy ! Post-Game This game genuinely needs New-Game could perfect companions builds fun level 12 spells skills start In addition entire game would leveled level 12 characters could make game challenging much fun Something would also great coliseum mode mode could battles game bosses defeated legendary actions included level scaled In mode could unlock kind currency allows us improve weapons armor one level coin used item I mean Uncommon Rare Very Rare Legendary Something fundamental game style customization give blacksmiths tailors ability change appearance color armor clothes This would eliminate dye bottles game currently bit disappointing It striking companions interactions world unless take really none group want go walk take care tieflings mention useful could certain events inn act 2 I know small thing give background scars tattoos creation menu obviously player obvious limitations perhaps partner could ask scar tattoo react answer Please add official artificer class extremely strange use class magic robots throughout game could excellent allies final battle It would possible add romantic options especially bard full romances something sporadic even animation fade black dialogue afterwards Is much ask necromancer turn enemies undead slaves maybe help certain book ? It would something similar mercenaries interesting former enemies Obviously limit would needed perhaps maximum 5 non-dead slaves This personal request would possible give humans extra Feat character creation limit usually used example Feats like Lucky Magic Initiate Bard Magic Initiate Cleric Magic Initiate Druid Magic Initiate Sorcerer Magic Initiate Warlock Magic Initiate Wizard Etc I would love create lucky introverted artificer PS Sorry text errors English native language;Feature
66;Steam features Could finally get badges cards ? All previous games last decade one third rate players lower ? We bunch asking siince release mentionned concern early access tired almost begging months see reason release least close PS I asking players devs I hope get nuked asking;Feature
67;Using camp items chest Double clicking camp items chest cause player use item rather cause player transfer item chest player direct inventory I see real scenario I need use oil accuracy hill giant strength even health potion matter peaceful area like campsite;Feature
68;Raphael romance ? Hey Devs Can romance Raphael please ? You gave us much vampire bear tentacles could please add romance kind DLC ? He good character left one scene Haarlep Thanks;Feature
69;The text tiny ! I like play 1280x720 resolution text game tiny ! Whenever I click right mouse button anything menu written small hard read ! The goes flavour text;Feature
70;Played DnD first time recently got hankering I 35 used hate turn-based combat game incredible Also really well written;Feedback
71;I play This best game ever life Every time play game feels like really forgotten realem ! ! It make feel real ㅋㅋㅋmaybe addicted game ! ! ! Recently playing 500 hours found new point fun never felt mean play game 1000hours happy play game !;Feedback
72;I started noble paladin Now I lie manipulate let vampire bite looked sad pretty This game ruined I love;Feedback
73;Over 700 hours still bored Fantastic beautiful magnificent game !;Feedback
74;Semi rage cheaters wallhackers detected Valve sercure servers The current trust factor system awful matches cheaters If cheater team want kick end match get cooldown grief cheater get cooldown cheaters afk getting cd 14 days report cheater trust factor decreases The report button useless unless griefing reports Patch notes major updates awful like valve putting Anti cheat bottom priority;Bug
75;The game worth waiting 30 minutes time open mods enabled;Feedback
76;RimWorld stands humanity sophisticated empathy simulator creates empathy systematically erodes You begin caring colonists people end seeing walking resource containers The game genius mechanics transforms exactly kind ruthless survivor simulates;Feedback
77;Genuinely best polished colony sim game probably th best managemtn game overall The devs listen community DLCs basically huge modpacks added game polish old mods tried simulate RIP wall light mod goat Modding incredibly easy community gives many many awesome mods Though game already awesome without mods I played little bit good 3;Feedback
78;Bleeding pawns ignore needs I pawn bleed death trying reach table feed I looking workshop I found Priority Treatment Resurrected claims exactly I want Doctors wake sleep tend people Yet mod working intended happened I need bleeding pawns always suppress every possible need go bed If mood break I would rather arrest beat unconscious force bed I need mod literally prevents bleeding non-doctor pawns attempting ever anything resting bed Likewise doctor pawns ignore needs render treatment pass exhaustion;Feature
79;It ultimate video game You command community complicated little people many needs different traits abilities slowly progress technology making giant spaceship You build base suit needs town mansion cave anything long withstand raids deadly wildlife Your base evolves technology gain require resources You even farm keep people alive It masterfully designed stories experience triumph tragedy stick forever Fantastic game;Feedback
80;What say What say This game beautiful varied challenging interesting game I played I adore everything work art style comedic explosions body parts comprise game victories deaths This game It incredible Hope like;Feedback
81;game fun friend like mix stardu valley minecraft witch good mix games like style stardu valley game play minecraft game bosses fun hard time beating realize many devs really recomed game friends;Feedback
82;I remember cousin show game Xbox 360 probably 10 years ago I loved much much fun playing knowing anything game At time I would go far saying game better Minecraft Minecraft game Terraria ! I love game see come years switch PC awhile made love game even ! When BIG update game like relearn game fresh start ! journeys end update ! They keep bringing back I hope stop updating making switch software use game codded instead making seperate game would better call update verses Terraria 2 So yes new game I highly recommend try ! slow first start discovering things end hours game !;Feedback
83;Problems Game content Cannot impregnate following NPCs -Dryad -Nurse -Party girl -Princess -Zoologist -Mechanic Please update game;Feature
84;like game wiki basically essential everything unbelievably stupid game ever;Feedback
85;Even though game really fun lost hours progress cant find way get worlds back would recommend cant get worlds back;Bug
86;bug sync problem;Bug
87;Movement Bug Suttering movement continues movement Hello My character doesnt walk continuously buttons;Bug
88;Bugged events ? I got goodie bag halloween ?;Bug
89;8 years free updates counting Cheap price 9 99 frequent sales Hundreds hours gameplay A crap load customization options Amazing mod support Told Epic Games go away tried buy How based developer get ? ? ?;Feedback
90;I never actually taken time write real review game one absolutely deserves Terraria first ever game PC entire reason getting one I originally started playing game Xbox 360 later beg parents buy computer I could play 1 2 update After I spent hours grinding game It shortly first time completing game 1 2 I played game friends Though memorable experience pave way friendships evolve Then get release 1 3 update summer 2015 I absolutely lost sh update For months friends I planned play game spend time exploring new content That first character ever surpassed 100 hours playtime After initial playthrough friends I would periodically revisit game friends years Sometimes would mods sometimes would original experience Regardless I played I never ever got bored game I may 1600 hours across 6 years one hours spent game blast completing saves character I played With Journeys end update coming earlier year update I played I finally managed scrounge courage say goodbye game That mean I going stop playing never feasible option especially game shaped childhood This review serves ode amazing game changed life well way cope game longer receiving updates I forever thank wonderful company Re-Logic amazing product community surrounded game sharing novel game Goodbye Re-Logic I look forward future endeavors Sincerely Katie Dixon AKA KittoMen;Feedback
91;So simplified list find Terraria - This 2D RPG platformer sandbox elements - It incredible amount content - Multiple classes shaped armor bonuses use items class - Idk like billion items ? Lots weapons armor cosmetics building material It crazy - A good healthy serving cool interesting bosses fight - Lots NPC buy stuff ready build basically hotel like 30 game - Really good retro soundtrack modern fit creative environments pair Boss fight music gets pumped ! - Is easy ? Try Expert mode ! Don feel like penalized enough dying ? Set character Hardcore ! - I almost forgot mention SO MUCH CRAFTING Cons ? Hmm - Inventory management abundance items overwhelm I usually make structure dedicated storing loot chests Stay organized ! - Fishing pretty useful well exactly exciting You get great stuff way though - Expect big difficulty spike defeating boss Underworld ! You feel like noob work past game feels like truly begins - Some items game pretty rare rares used craft otherwise obtain best loot game Other thought - If play friends find people run game It much fun way You still enjoy quite bit single player however laugh someone gets destroyed boulder trap Story time want torture read rambling I bought game ages ago back still development expansions cleanups gone I spent 10 Since Dev team least back 2014-2015 I kept would post threads month least let people know planned progress game It kept getting updated adding content mechanics I remember super excited new weapon types added rare mounts added Accessories character fly around map ? Gimme Something I always admire Re-Logic simply focus adding stuff end game kept polishing early game adding things like Ropes make things easier get hookshots simple versions weapons find later like Spears wooden yo-yo early game magic items It used much less enjoyable slower grind get mid game content pace picks There least couple times development game supposedly going halt I satisfied I gotten content enjoyment Terraria games I bought 30 Yet somehow maybe year hearing nothing new content update would surprisingly pushed This happened least twice I thought would laid rest I spent 10;Feedback
92;I love game name wikipedia simulator;Feedback
93;For everyone saying 2D Minecraft wrong This game lot stuff offer Different kind bosses unique items adventure u WILL NEVER forget Terraria;Feedback
94;10 years active development 0 DLC 0 microtransactions consistent 10 price tag consistent 50 markdowns major steam sales Enough developers marketing lets talk game Amazing replayability gameplay variety length sense consistent progression The game one best communities game I ever played Not mention modding supported steam see Tmodloader modding community actually CRACKED I recommend everyone mother plays Terraria Buy;Feedback
95;good game sadly french people exist;Feedback
96;good game update gay sex merchant 0 10 game sucks;Feedback
97;You probably look counter-arguments Terraria frustrated find dumb fake reviews telling buy viewing negative terrria lmao lol kk Well I tell truth I think excellent game things watch necessarily cons things personally might dislike - This nature premise look game The game improved lot aspect giving ways find things still nearly enough Like Minecraft GMod Don Starve game type probably better wiki open times - This grindy game Whenever I start campaign I usually put podcast music lot gameplay mindless Especially move past big shift midgame find lot situations way move forward go specific location grind start specific event grind It much type game There mods solve want I talking specifically vanilla game even mods really escape fact meat game pretty much grind getting less meat case - That also plays next point game long It NOT concise game If taking slow putting effort building trying explore much etc might play 100 hours game even close - This game piss easy Even Expert Mode child game experience breeze With later updates added new Master Mode actually difficult essentially damage slider kind difficulty really fun interesting Again mods fix adding new difficulties far better thought make game way interesting less stale - While playing alone still fun valid game improves tenfold playing people Adding people mix makes sooo much better breathes new life game It unfortunate multiplayer coded like Not game becoming way demanding system exclusively multiplayer especially host unless playing LAN something lag basically inescapable To play Terraria multiplayer come terms fact game become unplayable complete random hope important fight Just getting stomach This negative review per se I still think Terraria amazing game look playtime ! seriously pissing;Feedback
98;This game A TRUE WORK OF ART The animation impeccable art point The background music voiceover match lore well Combat feels super responsive overall gameplay addicting Got attached followers I pause time whenever I crusade The way game runs accessibility settings make one best I played recently I decide whether I like graphics gameplay Forgot say story strong great even I obsessed game looks nicely executed I highly recommend playing controller rumble radial menu combat game;Feedback
99;Fun little game play Combat fun Pretty much Animal Crossing cult like abilities;Feedback
100;Installed first time purchase next thing I know six hours flown It got great comedic elements And get play many roles together farmer janitor cult-leader non-believer slayer;Feedback
101;Make Jackie Jacket Obtainable If player sends Jackie Victor Clinic Victor simply respond normally would could surmise Victor time enough take Jacket take look departs good Arasaka Think could make nice memento;Feature
102;Strange screen distortion I installed game new computer I noticed something odd It looks picture dragged towards point middle screen making lines edges bend toward middle For example line bottom menu screen looks like could become small hill middle line higher towwards middle screen side line pretty much The thing happens text dragged toward middle screen I know seen kind effect movies I know describe If anybody understand I trying describe know correct I really grateful Thanks advance I see I make screenshot include Okay I took scrfeenshot upload NBo idea goping Half co9mputer foreign language I get rid Sorry wasting ev erybody time;Bug
103;CTD After loading Save game Hey It started trying spawn something CET Game crashed I try load saves It loads save fine 5 seconds crashes Cant find anything google I try removed mods even CET prevail Thanks;Bug
104;Please allow remapping middle mouse button I play trackball mouse middle mouse button Some aspects game locked unless I go buy one find way emulating middle mouse button;Feature
105;Rimworld collaboration Just title says I suggesting collaboration Rimworld In Rimworld high end bionics version cyberware called Archotech Supposedly designed Archotechs basically AI gods These best ones game available arms legs eyes You could potentially find set would marker game world bought Instead would find Rimworld style drop pods maybe along side Rimworld styled cosmetics And thing would let know nearby would comlink message say Drop pods falling nearby Like would see Rimworld On Rimworld side could add corporations factions world along cyberware would need good terms faction order buy unique goods Or could random chance open cryptosleep version cryosleep sarcophagus chance could character cyberpunk appear along cyberware gear Like maybe find V disease kill unless healer mech serum;Feature
106;How co-op horde mode Project Orion ? If sequel online co-op sort fantastic co-op horde mode added Imagine fighting alongside least one player waves NCPD gangoons corporate security Enemies come vehicles destroy making city look like war zone wrecks littering streets There boss fights every ten waves MaxTac cyberpsychos;Feature
107;Add Gunzerker type berserk You already shoot pistols SMGs car one-handed I surprised already done Surely could implemented way Hell games akimbo feature literally mirror entire viewmodel side screen It makes gun look inverted nobody ever seems mind I see get away;Feature
108;Need More Normal Functional Vehicles Sequels The population vehicles TOO weird CP77 What I mean normal S curve Most vehicles road people trying get around choice cars reflect Instead V one driving regular car everyone else driving 1960 Cadillac sloop chrome paint 6 wheels fully up-armored off-road vehicle glass missiles back SOME people Night City supposed extravagantly wealthy MOST people poor SOME poor people might trick cars By MOST NPCs drive oddities really cut narrative I say thing designs None vehicle designs functional Re-thinking concept taillights great idea putting 2 tradtional taillights one side vehicle great The point lights either side car aid drivers telling far away car Thats never issue CP77 never actually dark still In design cars always going function method transportation always No one ever going design bus seats 4 people point bus move lot people around 4 wheels Besides Hella whatever Delamains normal functional car designs The functional difference sedans rest vehicles negligible except look crazy I still driving starting Archer every playthrough I justify spending 75K Nomad Mizutani I going die 2 weeks pay rent Every playthrough I keep hoping find something like Repomen Touareg never;Feature
109;Suggestion Cat Food Watering toys cats Add Puppy 1- I think would great option actually feed cat cat food water The water bowl empty cat may thirsty Please add thanks 2- Please add toys cat play apartment 3- Please add Puppy acquire Why cat Lizard ? Where puppy ? Thanks Don forget dog food water Thx 4- Please add Boba Fett Jet Pack 5- Please add PvP Arena death Match 100 players battlefield Thanks;Feature
110;Multi-Millions dollar suggestion I think would great add Gauntlet Tower type feature would gigantic building save someone acquire item Ex computer files This building would special could enhance difficulty easy normal hard Mission Impossible mode Hello Tom Cruise Building 100 floors As keep moving upward NPC security becomes difficult Higher stage would stronger opponent Each 5 floor mini-boss super hard kill You would timer complete entire floors timers reward would lower Each floor different also different obstacles Don make Ex Add laser Add poison room timer find exit die poison Add different passages bypass enemies find Add different type NPC attacks floor Don put NPC possible Each time succeed 10 floors get chose reward Rewards depend fast reached complete 10th floor Upon success next 10th floor harder And At points could even Zombies swarming rooms ? Why Who like zombies trying eat alive pull triggers like tomorrow ? I know I The goal feature would bring great Challenges new veteran players rewarding advancing The issue game enough challenges Things easy Somewhat You also add achievements Ranks Best player reach 100th floor stats website see One thing I know people love No 1 Leaderboard reason stimulate many try play feature This feature also Free many would rejoice added new DLC Alhough storyline include building spy-accessing try extract type mission Gauntlet feature would exceptionally harder timer Rewards cool outfits new Legendary gears pretty much anything think Rewards needs reflect effort pour working way PS Oh If die start way back bottom There feature make everyone go insane keep busy long time Cheers;Feature
111;I yearn robotic arms I yearn show Johnny fancier robotic arms nah would cool customize Vs actual robotic arms hands legs etc instead cyber arms cuz CDPR added customization options 2 2 I always confused robotic limbs already feature I get probs though cuz clothes weapons etc;Feature
112;New body cyberware options Since got new cyberware options face carry body ? Simply put want make V standout crowd modify look V arms legs uniquely different match cyberware face Style substance right;Feature
113;My first impressions game Recently bought Cyberpunk discount And I say After time - game perfectly polished good But one thing Pissed Night City truly vibrant atmospheric city The buildings well-designed various NPCs decorations But Where hell parking ! ? This heavily motorized city cars every turn But parking ! What hell ! ? This really ruins atmosphere Next Why bike paths electric scooters electric bicycles city FUTURE ? Well okay explanation Corporations lobbied ban people would buy expensive personal transport But buses ! ? This VERY overpopulated city And corporations certainly ban BUSES 90 percent residents physically drive cars This huge city And buses simply MUST Where taxis ? What nonsense ? How could THIS missed ? Even cheap GTA clones pay attention Okay I understand It late add parking The city layout would need changed significantly But least add buses bus stops ! That would improve city atmosphere 35 percent;Feature
114;NPC Voices Can guys add thousand voice responses NPCs ? Would really cool hear say different thing Otherwise still one best games I ever played I would LOVE see CYBERPUNK 2020 game set back day I played tabletop;Feature
115;Option turn cussing ? Hello constant cussing CP77 starting grind gears Wasn game meant mature title ? I news immature unintelligent adults use many swear words lack proper vocabulary express thoughts resort f-bombs Gosh darnit I really dislike childish foul-mouthed protagonist Seriously;Feature
116;Strongly suggest continuing gameplay tower ending Title Merc V without cyberware dlc 2079 Extremely funny cyberware build anyway;Feature
117;Add Indonesian languages always imagine I play game masterpiece understand main story know information interface want developers think really appreciate helpful people like I need find mods language something;Feature
118;Hear I know done cyberpunk CDPR every time I get back Night City roam neon lit streets I help notice thousands thousands good skate spots It would change every RPG ever gave us equivalent Skate 3 inside Cyberpunk 2077 Would amazing;Feature
119;More gamification ideas Here new ideas Enviroment Cars fuel Because cars run forever New building Gas station Where buy portatil fuel refill car prize Car modding personalize car improve pieces car Offices business Public functionary Like NCPD police Sanitary personal FireBomber static missions Cargo transporter Make static missions transport cargo New building Empty terrain Is terrain empty build structures generate energy fuel resources money Gangs territories wars Join gang Where principal character join make missions gang Conquistable territory Reclaim terrority ocupy gang Recutable crew Depends reputation band recruit npc menbers helping kill another gang menbers Max 5 npcs Reputation gangs system A reputation system gangs good reputation bad I improve post suggesting new ideas;Feature
120;A mission editor could _so_ cool ! Ey chooms ! Now continue I well aware amazing Appearance Menu Mod allows edit lot stuff even set triggers thus basically creating encounters But end still hack Not mention encounters set basically random encounters always remain map Instead I talking allowing us set semi-official side activities also manifest icon For example gigs green exclamation mark perhaps ? requests help red hostile markers maybe ? So comparable stuff AMM mod exception save work appear map This could also tie Steam workshop I help convinced CDPR would get contact authors behind AMM difficult get basic routines going And would allow community create tons extra contents share stories NC Ey one hope right ?;Feature
121;Suggestion - give us 2 0 game mechanic overhaul opt I know I know big ask likely happen I going ask anyway I like 2 0 changes improved police mechanics shooting vehicles I like overhaul core game mechanics came along 2 0 I want What I want 2 0 major changes made core mechanics make game nothing pale shadow After playing recently game feels like hollow generic experience I need grab cover spam grenades spam healing win fights It nowhere near much fun used The gear I pick matter clothing armour helmets matter anymore guns barely matter grenades healing items pick anymore need stock big fight anymore get point I want opt core mechanic changes happened 2 0 I want core mechanics game I purchased To bit specific - I want go back old perk system old grenade medical item system old perk attribute system old clothing weapon upgrade mod systems old cyberware system old non-level scaling enemies system While I appreciate 1 63 version available beta tab I would like CD Projekt Red give us something everything 2 0 bad;Feature
122;Disable open world music option Please add way disable open world radios speakers anywhere else music plays Some people enjoy us Yes may look silly see bunch people dancing music areas I fine Players want game see people dancing music keep music But please give us option;Feature
123;Please give us freedom keys rebinding First toggle aim Please let us Hold aim Also keys cannot rebinded like F PLEASE ALLOW US TO BIND KEYS TO WHATEVER WE WANT;Feature
124;Fix weapon datatbase There several weapons entry weapon database moment guns melee weapons Please fix;Bug
125;Gloves Since couple outfits already gloves make visible majority first-person;Feature
126;Suggestion Air Kerenzikov Now Air Kerenzikov longer strictly tied SMG AR sever link left tree ? That way need spend 6 perk points get EDIT I meant non-SMG AR builds Having spend extra 6 perk points left tree Air Kerenzikov bit bummer;Feature
127;A walkman radio would great able listen radio car apartment Just put headphones walk around night city Could even like cyber implant radio;Feature
128;Suggestion More Nervous System Cyberware Was hoping devs could add variety Cyberware Nervous System For part currently geared toward Cool Reflex mostly slowing time stuff Be nice something builds like Body Tech Int;Feature
129;As long-time Sims player I always optimistic InZoi seeing initial reveal trailer I say really impressed If love life simulation genre felt frustrated The Sims 4 endless DLC model limitations InZoi absolutely worth checking Right bat level customization fantastic The character creator incredibly detailed allowing realistic unique Zois right start The graphics also huge step The Sims 4 smoother animations natural look One biggest wins InZoi open-ended gameplay Instead locked rigid pre-designed interactions feels like organic ways develop relationships careers daily life The open world also huge improvement The Sims instanced neighborhoods You free explore seamlessly without loading screens breaking immersion making world feel alive connected You also direct control Zoi able walk run using traditional controls rather locked click move system still present want On top developer actually listens community After backlash Denuvo game removed launch showing real pro-gamer mindset The dev also stated wants InZoi highly moddable huge plus anyone loves community-driven content Unlike EA approach locking features behind expensive DLC creator seems focused giving players real freedom customization options It still early room grow foundation solid If craving life sim moves genre forward actually respects players InZoi absolutely worth keeping eye;Feedback
130;First let give huge shoutout developers inZOI Recently made decision hearts many players removing Denuvo For might know Denuvo copy protection system often ends hurting game performance By removing barrier inZOI runs smoother also opens possibility modding - huge win creative community Yes read right game faster lighter way potential customization This brilliant move want see inZOI expand unexpected ways mods bringing fresh new experiences ideas game What stands even developers commitment listening community feedback This something see every day inZOI really set apart regard They make necessary changes quickly responding player requests adapting real-time This makes difference ! After developers listen players clear dedicated improving game delivering richer experience And honestly future inZOI never looked bright With changes obvious game huge potential continue growing attracting even bigger fan base The community stronger ever developers know exactly keep fire alive It clear inZOI game living evolving platform players voice So kudos developers ! The game great hands I wait see journey takes us The future really look bright inZOI;Feedback
131;The game good shines definitely rough shape areas It early access lot bugs I mean lot bugs shines potential shines well Buy ONLY understand process finished product;Feedback
132;interaction issues interact characters game seems like im clicking background characters reconized im sure issue caused fact received confirmation email creating KRAFTON account thanks helping;Bug
133;We want TURKISH LOCALIZATION inZOI inZOI looks really great We Turkish players would love play game language ! Please release game Turkish language support We love much !;Feature
134;stuck creating family I issue I done creating zoi I click create family world permit screen I click submit takes back create family really allowing play game proper I tried rebooting pc validating files changing ingame settings reinstalling game deleting save files clearing pso cache;Bug
135;hell money cheat thats dumbest thing think money cheat real life nobody would use everyone would use nobody would go work 100k ? ? ? 1k enough hard time;Feedback
136;need improve interactions ! ! I love game far interaction system expectations 1 My Zois spin around whole house talking sometimes cancel interactions 2 You talk Zois eating watching something etc I find quite disappointing 3 My male Zoi mean time reason even I turn free goes female Zoi mean bffs true lovers almost everything common Even one bad interaction lowers love relationship whole thing feels repetetive like going nowhere I know early access I feel like interactions important build life easy I hope I one problem gets fixed soon;Feature
137;There certain things could fixed arent game breaking QOL fixes Like example -When wash dishes Zoi pick every dish close Regardless dish made consumed yet Could fix either wash dish currently selecting look empty dirty -Rain appears inside homes live apartment Its visual effect kind annoying -Sometimes Zoi stuck running status This cant toggled shift -Needs filled way easily food regardless quality fulfilling You eat salad fills Zoi complex dishes -Ingredients good way give player stuff around fishing planting etc Problem hold bag There place put ingredients fridge something else Sweet potatoes worst offender cant even added bag -Relationships friends work romatic raised waaaaay quickly Personalities dont clash enough -Emotions could something really interesting right provides nothing besides pair options They go away quickly dont affect conversations thinking reactions enough -Karma moves around way fast doesnt affect world enough moment Except spams messages neighborhood karma low;Bug
138;Bad graphics game This game distinct artstyle despite playing max graphics everything except characters ugly blurry mass realistic graphics already look outdated bunch bloom etc top make even blurry;Feedback
139;Task appearing Well work K-pop trainee tasks I need popping I randomly selecting things know fix Please help;Bug
140;Unable Launch Getting two errors launching game One saying update NVIDIA saying Out video memory trying allocate rendering resource Make sure video card minimum required memory try lowering resolution closing applications running Exiting Do fix ?;Bug
141;Increase UI Text size ? Everything tiny old eyes cant read;Feature
142;simple yes honestly game really innovative funny stuff 3D object creator awesome AI emotes generation options cool game looks really pretty level customization literally charts thing really content play right enjoy designing houses zois city furniture clothing assets going fun yet really game yet really creative sandbox tools right looking forward future potential game right even though personally going enjoy would say buy wait updates;Feedback
143;So 1 50 I interacted bed But ended passing even selecting option go bed Not HUGE deal still ends inconvenience following day;Bug
144;I jealous T_T I got play 2 wonderful hours yesterday game even let open Submitted bug report happened heard back solutions could provide I tried restarting laptop deleting local app data driver updates graphics card uninstalled reinstalled game took steam overlay I could think try resolve issue This error Win32 function failed HRESULT 0x887a005 Call pDGXIFactory- CreateSwapChain line 464 file Graphics_DisplayM cpp Device lost - reason 0x0 By chance anyone able resolve ? T_T I WANNA PLAYYYYYY;Bug
145;Petition let us marry Olric Title says please make Olric romanceable adorable;Feature
146;A Graphic Bug Maybe ? I playing long When I move mouse game black screen follows Once gets halfway flashes glitches;Bug
147;Animals dropping materials anymore For days irl game days season game days I getting regular cow milk horns regular chicken eggs Only gold milk horns gold eggs dropping days drop I get nothing Is anyone still getting normal milks horns eggs ? What setup look like ? Do use sprite statue ? Do hand-feed let graze ?;Bug
148;Bug Report ? Weird chirp sound heard despite muting game Windows 11 I usually game mute muted using windows volume mixer However I noticed organizing chests odd chirp sound swap several items floor This happens item specifically lot miscellaneous ones The chirp sound heard pressing G resulting player throwing selected inventory item ground It first time I noticed;Bug
149;Bug Report Game shuts everytime I click coop remove Whenever I click small coop remove button game keep shutting I repeating steps like 5 times gave playing;Bug
150;suggestion future furniture - street lamps really want outdoor street lamps love ones standing narrows sweetwater farm outdoor lamps stone foundations wooden stands also see stone;Feature
151;Missing Game Executable ? ? I bought downloaded little back I able play bit I started looking mods I think maybe I something fudged ? I tried re-installing making sure Fields Mistria allowed firewall verifying uninstalling reinstalling nothing working Everytime I try play says missing game executable For time I get play I really enjoyed I want refund anything I know;Bug
152;I encountered error cut scene March get tutorial using forge It triggered right I given reward begrudgingly The error message says ERROR action number 1 Step Event0 object Game struct_get_from_hash argument 1 incorrect type unidentified expecting Number YYGI32 ?;Bug
153;Small request ? Would like ability lift large animals like I small ones ? Even ability progression tier prize winning farm animal contest Also ability choose stall would nice Would like put couples next;Feature
154;Why barn coop animals go barns coops certain time night ? ? The title pretty much says I cannot express utterly annoying want go mines fishing whatever remember I got get animals barn coop 8 pm Or worse I completely forgotten go back wake upset animals outside night ! Is chance update could made allows animals reenter barn coop certain time ? They already come go ?;Feature
155;Game crashing billboard Idk causing use mods made sure game corrupted;Bug
156;Can give gifts HELP ! ! ! ! I alredy uninstall install ingame I still give gifts anyone;Bug
157;Help ! Missing game file tried uninstalling re-installing I tried many times past months deleted game computer uninstalled multiple times still getting missing game executable error I hoping new update would fix could anyone advise ? I send ticket months ago I got response;Bug
158;Saturday Market Crashing Game Love game far problem I I pretty consistently get crashes entering Saturday market I think something amount NPCs screen I also get frame drops entering friday night inn though never caused game actually crash When I walk area town actually see stalls NPCs game freeze stutter frames crash half time Does anyone know prevent ?;Bug
159;AI Emotes It neat let us create poses manually moving joints ? would give us freedom importantly precise poses AI generated ones kinda jank plus always open palmed hand;Feature
160;Thinks like see added These thing like see added I think would cool D 1 Ability start business 2 Books give royalty fees 3 More careers interaction within current jobs Some cool careers might Doctor Chef Mechanic actor 4 ability start farm Horse ranch would cool sims 4 horse expansion long ago 5 ability become celebrity actor Famous 6 let us become mime make tips performing;Feature
161;Disappearing fiancee My Zoi fiancee After meeting one time I text call phone call come Some zois list little check mark I interact others My fiancee check mark So I decided find new husband options propose I already guy I would like cancel fiancee status first guy accessible I accessible ? Thank;Bug
162;Please consider longer lifespan game;Feature
163;After Update game crashes time My game keeps crashing update I issues playing game everytime I playing 5 min game freezes And crashes I build mode creating inzoi I know still demo I knew could happening So I respect I still keep trying loving game since awesome game But I really hope fixed I Do know It hopefully game pc since NVIDIA Geforce RTX3070 Ti 13th gen Intel Icore i7 If anyone knows may fix Issue Let know please thankyou 33;Bug
164;video card good enough error cant get game work legion go help ? kt work ?;Bug
165;For early access game quite nice game ! I agree lot people game take A LOT want I doubt get ! Please feel free comment responses I would like know everyone else thoughts !;Feedback
166;This game already HUGE step Sims still long way go ! Currently feel like whole lot lot options clothes furniture BUT options nice trendy You upload photos patterns 3D printing There whole new level customization Sims never Great job devs wait see next !;Feedback
167;Until recent hot-fix I idea Ageing even thing game So basically I spent hours creating customizing character house Then many hours building skills relationships character already moves like 95 regardless age supposed Only find point character randomly die time I put game nothing A complete waste time;Feedback
168;Disabling autonomy work zois keeps wanting go somewhere even I keep canceling keeps coming back;Bug
169;Game Crashing Start Up My pc meets min requirements Game starts immediately closes;Bug
170;Cannot progress story I probably halfway guess I cannot get I part I investigate Sean memories screams screen goes white transition cutscene I seen However I stuck white screen Nothing happens I tried restarting chapter still fix problem Anyone else experiencing ? I also noticing HDR completely broken shadows completely crushed things almost look negative Guess I wait game gets fixed Enjoyed thus far;Bug
171;Grey darkness HDR Anyone issue ? I thought feature though present demo quite act 3 I tried starting game HDR seems normal black Shouldn anything wrong monitor HDR worked well titles Brightness settings anything either The game seems enable HDR broken starting HDR Was also fine I started demo SDR enabled HDR midway Could even enable RTX HDR fine normally breaks colours completely I guess I play rest SDR better experience;Bug
172;Two bugs 1 In trade level end opening scene immediately start walking character move forward camera remains place 2 In nightmare level pause game air pushes exit stage;Bug
173;Restart checkpoint second chapter chased monster Restart checkpoint second chapter chased monster rule follower case ventiduct show clue It however interacted opening lid I neither press button see clue paper;Bug
174;Motion blur keeps re-enabling If I disable motion blur settings seems enabled whenever I interact something like note The option still disabled settings I clearly see motion blur active;Bug
175;Can finish game bugs There plenty places scenes launch TVs display anything I uninstalled game I everything try work Too many bugs;Bug
176;game crashing Help Plez got 3060 issues updated driver;Bug
177;My save got deleted last update ? Hi ! I playing game ready make video got start act 3 leave continue another time Got latest update I realice save entirely gone No trace cloud local file I look Theres way I get save I start right act 3 I continue;Bug
178;The game plays little like Still Wakes The Deep story absolutely incredible ! Got stuck puzzle unfortunately use guide clock puzzle I felt like idiot explained video I wrong lol Still absolutely incredible story message hands fly many people heads lol;Feedback
179;What I even say game except fact absolute masterpiece ? ? I played game start finish single sitting safe say I regret one bit Will I replay game ? Probably sure hope sequel future due many unanswered questions I characters universe live A solid 9 10 I give games full 10 10 There ONE puzzle could figure search internet answer Fred office clock code puzzle effect view game I usually bad puzzle games anyways;Feedback
180;Fantastic game quite original plot feeling gonna get sequel;Feedback
181;In Beginning solid new chapter still pales comparison Road Gehenna outclassed entirely DLC content The Talos Principle 2 Its overall scope simply limited lacks real visual impact On technical side chapter suffers far stuttering The Talos Principle 2 Reawaken makes effort address numerous graphical issues plagued second game In particular AO flickering low ambient occlusion settings remains completely unresolved;Feedback
182;One best games history gaming looks better ever Developer commentary adds additional layer world love What worth pointing however performance - RTX 3070 max detailes 1080p without DLSS games runs 30FPS You turn upscaling frame gen probably FSR FG smooth things works great slow title like I defenitely complete game 5th time P However VR headset - Talos Principle VR better option opinion;Feedback
183;Man soon I entered first level vibes I know well came rushing back The atmosphere like I remember top notch Music sounds phenomenal One finest puzzle game ! Also story holds even feels relevant AI everywhere days;Feedback
184;Yet another amazing addition series substantial improvement original Besides fantastic graphics new set tough puzzles recorder allows pause points entirely eliminating tediousness mechanic;Feedback
185;There slight issues graphics I tried make game full screen would bug zoom weirdly But seems well optimized I happy spend money remake original game developer commentary amazing It stops I sometimes exit puzzle find play I solve puzzles 100 worth money alone I even gotten new puzzle content yet I extremely excited ! Absolutely worth full price opinion original game second game grab bundle get massive discount !;Feedback
186;Why Ukrainian localization ? Lack already prevented many people enjoying remake least justify Ukrainian localization UPD russians - one cares hate Ukrainians go away vodka;Feature
187;A-5 visual glitch makes unplayable Only A-5 rains get visual bug happens settings I tried going windowed fullscreen borderless DLSS FSR None FrameGen Yes No quality settings etc Nothing impact The biggest problem also flickers lot Like every frame switches warped view correctly rendered view;Bug
188;NPC Names showing What seemed like weird choice TP1 bug Gehenna right ? It kind essential game able see NPCs;Bug
189;Crash Desktop Launch I verified game files I even uninstalled reinstalled whole game It keeps crashing desktop I launch giving crash alert window This happened three times;Bug
190;Press The Serpent Achievement unlocking There thread General Discussions stated unless requirements changed Achievement unlocking included;Bug
191;Reset x crashes desktop Everytime I hold reset game crashes ? Any help ? Edit Seems crashing happening world A-4 causes weird graphical issues reset worlds though rather crash Seems reset whole bugged Game works flawlessly;Bug
192;BUG Frame Gen working Recorder mechanic seems I use recorder mechanic whole screen blue filter blue clone frame generation working I think fullscreen blue filter part HUD excluded frame gen everything;Bug
193;Out Video Memory Crash Optimizing For Your System Bar Stuck Hello I try launch game crashes video memory pop-up Although pop-up always appears game always crash Sometimes also launches time loading bar bottom-left corner says Optimizing Your System progress stay stuck forever also prevents loading save starting new save Before optimization issue I could run game around half hour ultra settings game ran perfectly without kind performance issues I use RTX 4090 graphic drivers up-to-date I validated game files issue;Bug
194;Missing lasers The lasers missing demo version also missing full version I tried changing settings including turning upscaling ray tracing success Any ideas ?;Bug
195;Flickering No matter settings I use I always strange flickering water Is problem engine ? I never problem TTP TTP 2 GPU RX 7800 XT;Bug
196;Lots crashes Whenever I start new world games crashes I need restart game !;Bug
197;Graphics crash destroys game save The game crashed entering world B6 GPU Crash dump Triggered Talos1_Win64_Shipping kernel32 ntdll As result loading savegame leads crashes;Bug
198;Bug animated suspension ? The cube player character get caught gate This looks like bug ?;Bug
199;portuguese ? First game awesome dub Why version ?;Feature
200;Ground textures pixelating disappearing Anyone issues ground textures steaming slowly also becoming almost pixelated popping ?;Bug
201;Multiplayer ? So planned add multiplayer coop future ?;Feature
202;I get game Just I started game countless times stuck logo When logo animation appeared game closed I able play normally yesterday;Bug
203;BUG ranged weapon doesnt work After one level restarts I noticed weapon repeating crossbow changed default blunderbass 0 damage literally - shot I see healthbars enemies implies damage done even several shots doesnt change bars I tried restarting level changing weapon armory crafting new weapon even restarting game - help I still starting 0 dmg weapon Melee working fine;Bug
204;Support Linux ? Will native support Linux ?;Feature
205;Steam deck 800p Hi game great far everything tiny steam deck Are planning add 800p point ? And bigger font interface option also ?;Feature
206;I think types weapons acid designed To honest favorite game game Acid This weapon great two options Ceiling Piercing I personally think make There still suggestions I think protagonist change weapons also armor And I even thinking question tower defense games elements construction building bases Sometimes I think also give try ? Another issue acid achieve high combo counts To honest I really think upgrade protagonist cooler armor weapons;Feature
207;I found problem I opened game morning Author friend morning I opened latest version 1 0 game I found issue controller malfunctioning That means game played keyboard played keyboard I always used controller I tried enter controller control effect Can author help check fix problem;Bug
208;BUG The game crashed booting logo screen Hello developer I opened game first time today repeatedly starting logo game crashed may I ask give solution;Bug
209;way easy challenge ? children game low tuned ? Does dev thinks easy keep people ? !;Feedback
210;Bug report ? No Weapon equiped cant equipe weapons Just bought game tutorial character weapons equiped War Room cant Deploy Level neither select weapon Any help ? Am I missing something ?;Bug
211;save goneeeeee possible played offline igo saved online uninstall game want play dowland save pufffff gone wtffff;Bug
212;Potential BUG I know anything ensure happen But I un-equip melee weapon scrap everything enough resources craft another Melee would I unable start mission ? Only asking I currently stuck level tried join without melee weapon equipped;Bug
213;Crush After last patch open game watch logo developer game crushes I hope anyone tip fix thing really disappointing issue game clearly heavy computer;Bug
214;Feedback Fan First I would like thank Devs implementing Endless Wave Mode Game Awesome Rewarding ! And props guy I honestly remember someone posted forum suggested manually select variant weapon want craft ! I honestly issues game gameplay except Cloud Saves And balance issues I think I still explore I let guys know I encounter one Lastly Devs GREAT SOUNDTRACK AS ALWAYS ! I REALLY LOVE YOUR GAME MUSIC !;Feedback
215;Is game going co-op game ? liked orcs must die lot wondering game could similar ?;Feature
216;Some suggestions Since adopted random weapon prop creation mode similar online games So able continuously acquire resources obtain better weapons props--Collecting greatest pleasure humanity If continuously obtain resources play games archive So level limit skill reset necessary similar talent points many games obtained different combinations achieve different game experiences;Feature
217;Suggestion Zooming Simply titel It would nice zoom see map Maybe justz gotten point act 3 first two waves hands watch game Possibly becaus flamethrowers ond oild spitters bit powerfull I basically sit vorner wait oter 4 6 waves wit nothing realy;Feature
218;Add modding ASAP It 1 thing devs add free content work things I asking workshop complicated modding support Would make instant buy I sure hardcore gamers;Feature
219;co-op character ideas I think two player co-op seems like fun idea I think implemented players able change specialized characters kobolds specialize traps gnomes powerful magic even orcs powerful melee combat instead rounded character This players work together cover others weaknesses even vs mode would cool;Feature
220;Plz add NPC allies Traps gud could better dont want fight alone;Feature
221;add polish langual games need polish langual;Feature
222;Suggestions improving game 1 Character visibility outside buildings When moving outside would helpful see character clearly either glowing outline system similar one used inside buildings walls become transparent One NPCs invisible I even died I see obstacle path 2 Resource location map The map huge big plus since many different resources spread becomes hard remember exactly find In crafting table checking required components would really helpful indicate biome village resource commonly found even closest location 3 Automatic display nearby NPC names Without necessarily showing NPCs map would useful names automatically appeared heads within meters without needing hover mouse That would make much easier identify characters especially trying locate someone specific;Feature
223;The Lighting Awful This game literally damaging eyes play Disgusting bad gets nighttime much worse biomes others;Feedback
224;Side mouse button support I would much appreciate keybindings Is possibility game ?;Feature
225;Roof disappeared Graal So I point game I two roommates Graal whale friend There two rooms roofs solid When I replaced floor pop floor tendraam floor roof disappears refuses regenerate Graal room Whale friend room fine floor untouched Do I need tendraam walls tendraam floors roof generate ? Thank;Bug
226;Love game NEED option pets please ! The baby versions pets specifically bumblebore adorable I would really like able sort transmog look like smaller counterparts upgraded I embiggen mine I curious buffs baby one cute please add even takes away grown damage powers worth;Feature
227;advise 1 I hope backpack feature allows view materials I currently possess collected 2 I hope shortcuts collecting items attacking Continuously using left mouse button long gaming session quite exhausting 3 When I press ESC key open task map interface I hope I exit interface using right mouse button instead press ESC;Feature
228;Request Egg Hatching Guide I Got Egg From electric enemies near start got quest find way hatch hatch ? need specific recipe create creature nest something ? find ? got egg want hatch get pet nest recipe location Because requirements ready need nest whatever put get ?;Feature
229;Jingle muting option I appreciate option disable jingle new recipes especially since unlock many different ones make jingle muted also mutes irritating ahhhh ha-ha style voice noise said right jingle ? That still seems full volume regardless jingle setting;Feature
230;How tedious game Does take 100000000 bullets kill ONE monster ?;Feedback
231;Chill Mode feel chill Hey Guys Been loving game far except difficulty I pretty low skill gamer looking forward chill mode However I still lot trouble I dying pretty frequently enemies I dont think difficulty correctly described I lot fun dying instantly getting hit 2 attacks I upgraded equipment far I need kill enemies get materials needed get better equipment I hoping get better right I close giving;Feedback
232;Bug Report Main quest Lead Pipes cannot carried normally The normal process I drop key card killing robot fact drop I stuck advance plot Rebuilding save always good terrible experience;Bug
233;Splitscreen ?;Feature
234;Language support Korean ? If localized Korean I definitely recommend subscribers It would great could positively consider localizing game Korean;Feature
235;Language Ita Hey ! I wondering final version game Italian language since demo Thanks !;Feature
236;Please add immediate text display bypassing typewriter effect It already super tiresome constantly click mouse speed slow moving dialog I read faster dialog appears Please add option show instant text;Feature
237;PS5 Dualsense controller working ? For reason game working tried 2 games see might steam controller alas controller reason work CL2;Bug
238;I sincerely ask help Please support Korean Please please please please;Feature
239;Is MacOS version possible ? I loved game LevelHead heard Crashlands 2 via promotional emails I help notice Steam page says Windows Are planning making MacOS version game Nintendo Switch ? Thanks advance Mr Emoticon;Feature
240;omg real - played first game sooo much back highschool main game months loved everything found sequel reallllyy excited trying demo rn pretty good far cant wait release !;Feedback
241;I want add camera shake switch The last work unable pass eye pain caused camera shake I hope new work lens shake switch turn lens shake I hope adopt I interested buying;Feature
242;Let us skip death resurrection scenes Seriously By third death I already irritated forced sit wait long able control character;Feature
243;crash clear webcache done thing game mucking around settings far crash ___________________________________________ ERROR action number 1 Draw Event object o_cakeframes variable_struct_set illegal use empty names gml_Script_rumpus_alias_cache line 27 gml_Script_anon 8632 ___struct___5298 anon 8300 anon 2954 ___struct___5281 gml_Object_o_settings_Create_0 line 260 gml_Script__cf_delayed_method_update line 62 gml_Object_o_cakeframes_Draw_64 line 53;Bug
244;Can please add multiplayer one ? It would great could add Coop first one would great marketing move releasing one;Feature
245;Is possible ? Give us modding options please;Feature
246;This game particular type person - someone enjoys puzzles AND rogue-likes It unusual combination I think many negative reviews either puzzle fans either like familiar way one progresses rogue-like game rogue-like fans find switch progressing puzzles vs combat obtuse frustrating But someone actually likes kinds games REALLY enjoy especially wonderfully novel unique experience The key really enjoying game I think remember progress knowledge Early encounter note suggesting might want take notes Please follow advice There huge number subtle details provide great deal information guidance I sure game would much frustrating either pay enough attention notice writing forget later turns relevant In particular player needs learn patterns certain rooms drawn I mean obvious cases game spells taking certain action add new room list blueprints There patterns rooms appear west-most east-most sides house fact room built day typically appear blueprint option There huge number patterns like need learn use advantage Or else yes frustrating game I think many players treating game puzzles exist INSIDE rooms truth puzzles ARE rooms - need puzzle place rooms maximize chances getting draws need Of course still randomized elements quite honest leave review waiting particular room show multiple hours probably sign missing something important blueprint drawn perhaps sabotaging efforts without realizing;Feedback
247;A lot negative reviews folks seem enticed 10 10 critics felt cheated game immediately reveal whole hand I saying anyone wrong enjoying early game many negative reviews clearly stick around long enough find good worth setting record straight game IS fantastic It personal GOTY far requires time patience observation It hold hand If liked Lorelei Laser Eyes probably love Blue Prince There many cool layers really rewarding find It really best go knowing little possible though ironically probably recommendation critics pulled many players idea game would require If RNG pisses willing spend bit time actually paying attention clues probably going annoy You believe negative reviews But see claiming nothing puzzles nothing math simple logic puzzles person got little saw 2 game Just know;Feedback
248;This game amazing atmosphere incredibly compelling mysterious unfortunately point I playing hope maybe next layer secrets one makes worth There decent 5-10h escape room buried underneath 50h really dull increasingly annoying roguelike board game walking simulator The pacing chaotic variable At every turn game makes pretty overt anti-QoL decisions designed waste time Unlike many games design choices feel deliberate result lack care becomes increasingly grating want engage puzzles game wants grind invest time Is basic arithmetic hundreds times fun ? Do want solve puzzles screenshots instead game ? Is rerolling hours get access puzzle already know solve fun ? Is solving 46 question timed IRL lore exam pen fun ? For There something incredibly cool interesting mired many confounding execution choices feels like chore play So many things game feel bad I want spoil anything anyone enjoy I vague sorry Big telegraphed puzzles accomplish almost nothing Insignificant minor choices luck completely turn run around Routine tasks mind-numbing unnecessarily slow The game consistently gives impression particularly care meant engage terms That lot ask game better deliver payoff makes worth So far The highs mid lows low I run sunk cost give It time admit enough interesting content justify investment I really enjoying neverending tease promise Who time patience enjoy everything game offer ? Unfortunately Exploration Atmosphere Worldbuilding 11 10 Puzzles 6 10 Gameplay Fun 2 10 For context I rolled credits long time ago solved sigil envelope puzzles I noticed even deeper layers places bring care;Feedback
249;Sad see many negative reviews people dropping game opening hours I understand frustrations I promise game rewards effort put delivers great moments I reached credits still many hours spend solving major mysteries game I speak quality content come game well worth money- even I played point;Feedback
250;Interesting concept nothing ike Outer Wilds Some puzzles interesting Gets repetitive tedious Still good puzzle game I enjoying;Feedback
251;Honesly meh There many rooms almost useless contain secrets The one room puzzle found contained puzzle answer Also game understand ran rooms explore restart automatically;Feedback
252;One safes bugged ? Spoilers The timed safe bunker dont recall room name work I count November 7th Day 1 8 2 9 3 etc And I set clock 10 11 01 02 etc pm depending But never opens I give Solutions ? Edit I done exactly first three posts stated asked Ie Start new day find date Run Shelter set clock 1 Jan 1970 2 00am Time I want open earlier 10am It DOES NOT WORK;Bug
253;bug report spoiler There game freeze bug using basement key underground door behind boxes spoiler;Bug
254;This game really need easy mode I played around 20 hours reached room 46 solved additional puzzles considerations RNG softened bit matter good strategy RNG decides screw achieve good run There way many elements need occur time clear run spawning lever spawning greenhouse time spawnind great hall managing enough key find lever spawning secret garden key easiest way After still need made antichamber hope rng screw bad room selection leading another side room Plus crashes occur time safe lock seems bugged EU users Really patches game could amazing right I feel RNG much factor mitigate like games like Hades counting skill;Feature
255;spoiler drafting strategy sweepstakes bugged ? got 20 dead ends trophy- burned lot stars process- think either outer room count dead end secret passage stops counting dead end open ?;Bug
256;SEVERE BUG Save File Overwritten ! So trying get win one day achievement I first day new savefile times Carefully deleting ONLY previous failed runs Now another run game saved latest run top old 40 hour long save Now might think Lantantan surely might accidentally deleted main safe deleting failed runs right ? That I thought happened AGAIN I entirely sure caused happen My save game slot two I start new game slot one new game gets saved slot two Maybe unlocking dare move something ? A non dare game gets saved first non-dare slot ?;Bug
257;macOS version plans ? ? would love play game mac currently system requirements mention windows devs considering releasing mac version ? ?;Feature
258;Bug report Ended run clock tower break room upgraded version pool room tomorrow tag Only got one key even though I believe I got one clock tower break room;Bug
259;Temporary save please Please way save leave game without next day thank;Feature
260;Linux graphical errors Getting strange red outlines everything I playing linux via proton tried multiple versions proton luck get error playing demo I loved;Bug
261;Is supposed fun ? I feel sense accomplishment stuff I Just feels like spending time;Feedback
262;bug billiard room dart board final solution 1 2 squared -1 -2 would equal six since 3 squared 9 press 6 button work;Bug
263;BUG - stuck end day cutscene After long run end day cutscene played automatically without asking I suppose normal first time I manually end day I entirely sure The thing I manor plan right background animation nothing else display manor front summary rooms exit button I Alt F4;Bug
264;magnifying glass bug l preface saying laptop run game perfectly lags haha well enough enjoy game I discovered awkward behaviour magnifying glass works intended first uses persistently exits documents instead picking glass later I know specific document causing issue times I think trying look entrance hall letter result hardware I know going block later e g;Bug
265;My biggest complaint - inability tempsave run If I taking time working way currently feels frustrating decide leaving computer running afk ending run early I run real world time Having single-use save saved allow exit program return return would solve There may design reasons work someone plays small chunks sometimes something would significantly improve play experience;Feature
266;turkish language turkish language please;Feature
267;Z key work move rolling items I playing game AZERTY working fine But I realized really late try move rolling items like wagons taht Z doens work press W I thought hours could go back forward;Bug
268;PSA This NOT colorblind-friendly game ! Playing game Game pass enjoying much case anyone wondering yes colors matter puzzles hard time solving Sad see happen game;Feedback
269;Metascore 93 complete lie joke Terrible game ? People saying better Outer Wilds The Talos Principle ? Maybe I getting like honestly one overhyped games I bought long time The gameplay repetitive heavily luck-based honestly feels like one worst puzzle game experiences I There little actual problem-solving It basically luck-based things slowly fall place nothing really complex clever Feels like RNG actual puzzle design I genuinely understand praise game getting The way people talk think masterpiece design To ? It feels like 5 indie experiment best full-priced critically acclaimed puzzle-roguelike;Feedback
270;Parlor Game Possible Bug I found parlor room one boxes blank This turned puzzle logic guessing game I sure intended possibility bug It white box helps;Bug
271;boiler room bugged ? running issue operate pipes levers boiling room run got boiler room managed get working connect lab due bad RNG drafted boiler room past days upstairs level control door bridge tank T-pipe switched levers l-shaped pipe plus crank wheels work fine also sure boiler room supposed reset ? water pump configured fountain always drained start day apparently redo boiler room puzzle time ? maybe would idea running figure;Bug
272;The Kennel Room work I drafted Kennel room within game states Each time dig room unlock doors room When I went Foundation room dug I expected open doors within room however doors still locked Just wanted post discussions potential bug room ? And frustrating time;Bug
273;game crashing yesterday game fine day today 1 crash noticed windows needed updating cannot finish run game crashes basement finishing puzzle game crashed 5 times crashed today first time basement im really upset;Bug
274;Lower RNG aspect bit give us chance completing story ? Would solve lot complaints coming Either way - amazing game people time hands Not average;Feature
275;Saving day ? I started demo far fun I wanted quit game go something else I choose save quit asked I wanted call day I decided put steamdeck sleep lose progress Will possible actually save quit day full game without loosing progress ?;Feature
276;Toolshed bug ? There one item toolshed I currently shovel checked Coat Room guess tried spawn realized already spawned Still seems like bug spawn different item;Bug
277;Stuttering issues I getting stuttering frames laggy input Seems mostly happen outside outside visible window Tried turning VSYNC see smoothed I got screen tearing I turned VSYNC back Just minor annoyance I hope gets patched;Bug
278;Permanent unlocks saved moment unlocked I game freeze I unlocked diamond mine permanent room draft foundation room Devs I hate I hate much AM I mouth I must scream would feel like stoned hippie I dont think possible single human hate humans like I hate Seriously fix game;Feature
279;I love wish many chapters ! Felt like sitting therapy session judgment;Feedback
280;Beautiful music puzzles simply satisfying story realistic relatable A great game play one day feel something;Feedback
281;The game pleasant sad time It deals issues actually affect many us;Feedback
282;Booooring Edit Since I received clown rewards noticed negative reviews I felt need update review This fun game The animation art sound design present honestly top quality reason execution whole package falls flat due lackluster gameplay It kind ironic Turkish indie games usually opposite issue good gameplay poor art direction And context I played object-finding games past like I completely unfamiliar genre They made poorly I claiming master game design area even first scenes finding objects felt like chore rather something enjoyable I played hundreds games give one pass simply Turkish I believe overwhelmingly positive reviews mostly due game somewhat well-known within Turkish indie game community But affect anyone review Internationally game received attention I believe would roasted ended 60 70 Metacritic score It really sad hyped-up games par low-quality titles international developers P S Works well Steam Deck;Feedback
283;- There lot tiny details make feel whole game made love - The art beautiful - The music sounds amazing - This game constantly puts different environments different mechanics keeps fresh - I really enjoyed narrator narration - I recommend anyone enjoys point click games Especially feel overwhelmed life game might help feel little better least;Feedback
284;become difficult find games evoke deep emotional feelings Leyla balanced beautiful flow takes journey may like much Personally I afraid plays like bit impressive experience someone else feelings deeply But I said hard find games like nowadays I give credit Leila well;Feedback
285;eila draws delicate world woman piecing together fragments past From first scene haunting sincerity story every moment feels personal almost real It game emotional excavation The hand-drawn visuals soft music wrap around like memory forgot As move Leila world witness emotions carry It draining beautiful way like finishing heartfelt letter ready write This game ask save world asks sit pain tenderness truth And somehow feels even heroic I left tears emotional happiness end ! definitely worth getting;Feedback
286;The game striking feature undoubtedly art style The hand-drawn animations nothing short breathtaking Each frame feels lovingly crafted imbued delicate almost nostalgic quality The story interesting It grand epic quest It Leila seemingly ordinary woman piecing together life memories The puzzles ? They brain-busters fit perfectly story They like little metaphors know ? Like solving puzzle figuring part Leila past feelings It clever If narrative-driven games mind slower pace give game shot It quiet little gem might surprise I would recommend game super amazing;Feedback
287;Wow The animations PP2 unbelievable The Cutscenes really made fun The story incredible My biggest disappointment ? How long I gonna wait season 3 10 10;Feedback
288;The writing funny animations well made story real stakes It like actually well written novel sex;Feedback
289;MUCH better PC port first game I update done But good;Feedback
290;The game immersive Your GPU works hard rendering individual raindrops feel humidity rising room By hour two PC covered condensation hour five mushrooms start growing keyboard For whole experience keep brick desk throw monitor every time frames drop 60;Feedback
291;I 400 games account across 16 years average 20 completion across 80 Games I completed span That equals around 5 games year average completion time around 2 5 months per game I actually finished At time I posting I bought game two days ago approximately 7 pm I incapable putting The story phenomenal The game play phenomenal The character design pacing phenomenal The mechanics phenomenal The graphics phenomenal I felt way video game years It enjoyable start finish even standard difficulty still provided ample challenge geriatric middle aged ass It rare I come across title I willing play multiple times I think I found latest addition If even remotely considering buying title take somebody never felt need write review ANY game go adventure Thanks coming Ted Talk;Feedback
292;im making comment someone finished game animation quality like advanced faster version RDR2 facial expressions voice acting atmosphere quality hard find games Maybe fully agree story still manages draw top tier craftsmanship It favorite mine recommend everyone play Part 1 Part 2 least;Feedback
293;think best game ever played nothing come close felt playing nothing come close fun;Feedback
294;10 10 Joel Miller;Feedback
295;Masterpiece Probably favorite single player game ever;Feedback
296;While game boasts incredible visuals detailed animations intense action sequences I found conflicted overall experience The storyline fell short Character deaths often felt unnecessary many protagonists made decisions difficult relate ultimately made hard connect care outcomes This mean bad game big expectation since first one amazing The roguelike mode highlights much fun combat without need nonsensical story Overall would recommend game story;Feedback
297;I like everything except story;Feedback
298;Loved first 3 chapters Ellie rocks Then Chapter 4 arrives story goes straight hell Abby worthwhile protagonist If skip ahead button I sure hell would use;Feedback
299;Hurts say I really liked Pt 1 This story way much fluff side stories took hours semi resolve Created immense fatigue playing longer quest side stories I really care No real changes solid game play overall graphics really solid Just wish story either interesting overall drawn parts cut shorter;Feedback
300;I absolutely hate story part first made hate someone forced play hated character I interest I hate every single second much ever wrote sh1t F YOU ! After first game big disappointment !;Feedback
